Model Name,Average Euclidean Distance,Average Confidence
indoor_pose,629.7321015829373,0.5111328125
indoor_bright,50.078013064916306,0.9958984
all_partial,41.966469746928325,0.96601564
outdoor_partial,631.0197092198385,0.8106445
outdoor_then_indoor,659.3411821512741,0.3919921875
