Model Name,Average Euclidean Distance,Average Confidence
indoor_pose,387.8610005033946,0.70166016
indoor_bright,51.69637367021827,0.9856445
all_partial,418.8046168174574,0.5956055
outdoor_partial,416.61427641406055,0.84580076
outdoor_then_indoor,655.1154000738106,0.398828125
