Model Name,Average Euclidean Distance,Average Confidence
indoor_pose,344.65458801954424,0.96484375
indoor_bright,305.8011167915614,0.9405273
all_partial,326.37143469753227,0.9923828
outdoor_partial,349.5306942891167,0.6989258
outdoor_then_indoor,1080.0,0.0
